<modification>
    <name>category_keywords</name>
	<version>1.1.1</version>
	<link>http://www.luvial.cn</link>
	<author>Vincent</author>
	<code>category_keywords_ocmod</code>

	<file path="admin/language/en-gb/catalog/category.php">
		<operation>
			<search ><![CDATA[$_['entry_meta_keyword']]]></search>
			<add position="before"><![CDATA[$_['left_keywords']     = 'Left Keywords';]]></add>
		</operation>
	</file>

	<file path="admin/model/catalog/category.php">
		<operation>
			<search><![CDATA[, meta_keyword = '" . $this->db->escape($value['meta_keyword']) . "']]></search>
			<add position="replace"><![CDATA[, meta_keyword = '" . $this->db->escape($value['meta_keyword']) . "', left_keywords = '" . $this->db->escape($value['left_keywords']) . "']]></add>
		</operation>
		<operation>
			<search ><![CDATA['meta_keyword'     => $result['meta_keyword'],]]></search>
			<add position="after"><![CDATA['left_keywords'      => $result['left_keywords'],]]></add>
		</operation>
	</file>

	

	<file path="admin/controller/catalog/category.php">
		<operation>
			<search ><![CDATA[$data['entry_keyword'] = $this->language->get('entry_keyword');]]></search>
			<add position="after"><![CDATA[$data['left_keywords'] = $this->language->get('left_keywords');]]></add>
		</operation>
	</file>

	<file path="admin/view/template/catalog/category_form.tpl">
		<operation>
			<search ><![CDATA[<label class="col-sm-2 control-label" for="input-meta-keyword<?php echo $language['language_id']; ?>"]]></search>
			<add position="replace"><![CDATA[<label class="col-sm-2 control-label" for="input-meta-left_keywords<?php echo $language['language_id']; ?>"><?php echo $left_keywords; ?></label>
                    <div class="col-sm-10">
                      <textarea name="category_description[<?php echo $language['language_id']; ?>][left_keywords]" rows="5" placeholder="<?php echo $entry_meta_description; ?>" id="input-meta-left_keywords<?php echo $language['language_id']; ?>" class="form-control summernote"><?php echo isset($category_description[$language['language_id']]) ? $category_description[$language['language_id']]['left_keywords'] : ''; ?></textarea>
                    </div>
                  </div>
                  <div class="form-group"><label class="col-sm-2 control-label" for="input-meta-keyword<?php echo $language['language_id']; ?>"]]></add>
		</operation>
		<operation>
			<search ><![CDATA[$('#input-description<?php echo $language['language_id']; ?>').summernote({]]></search>
			<add position="before"><![CDATA[$('#input-meta-left_keywords<?php echo $language['language_id']; ?>').summernote({
	height: 300
});]]></add>
		</operation>
	</file>	

	
	<file path="catalog/controller/common/column_left.php">
		<operation>
			<search ><![CDATA[$layout_id = $this->model_catalog_category->getCategoryLayoutId(end($path));]]></search>
			<add position="after"><![CDATA[$parts = explode('_', (string)$this->request->get['path']);
			$category_id = (int)array_pop($parts);
			$data['category_info'] = $this->model_catalog_category->getCategory($category_id);
			]]></add>
		</operation>
	</file>	


	<file path="catalog/view/theme/*/template/common/column_left.tpl">
		<operation>
			<search ><![CDATA[</aside>]]></search>
			<add position="before"><![CDATA[<?php if($category_info['left_keywords']){ ?><div class="side-nav-categories"> <div class="block-title">Tag</div> <div class="box-content box-category"> <ul> <?php echo htmlspecialchars_decode($category_info['left_keywords']);?></ul> </div> </div><?php } ?>]]></add>
		</operation>
	</file>	

</modification>