<modification>
    <name>customer_auto_group</name>
	<version>1.1.1</version>
	<link>http://www.luvial.cn</link>
	<author>Vincent H</author>
	<code>customer_auto_group</code>

	<file path="admin/view/template/customer/customer_group_form.tpl">
		<operation>
			<search ><![CDATA[<label class="col-sm-2 control-label" for="input-sort-order"><?php echo $entry_sort_order; ?></label>]]></search>
			<add position="before">
				<![CDATA[
					<label class="col-sm-2 control-label" for="input-sort-order">Need consumption</label>
						<div class="col-sm-10">
						  <input type="text" name="customer_group_description[<?php echo $language['language_id']; ?>][need_credit]" value="<?php echo isset($customer_group_description[$language['language_id']]) ? $customer_group_description[$language['language_id']]['need_credit'] : ''; ?>" placeholder="Need consumption" id="input-sort-order" class="form-control" />
						</div>
					</div>
					<div class="form-group">
				]]>
			</add>
		</operation>
	</file>
	<file path="admin/model/customer/customer_group.php">
		<operation>
			<search ><![CDATA['description' => $result['description']]]></search>
			<add position="replace">
				<![CDATA[
					'need_credit' => $result['need_credit'],'description' => $result['description']
				]]>
			</add>
		</operation>
		<operation>
			<search ><![CDATA[description = '" . $this->db->escape($value['description']) . "']]></search>
			<add position="replace">
				<![CDATA[
					need_credit = '" . $this->db->escape($value['need_credit']) . "',description = '" . $this->db->escape($value['description']) . "'
				]]>
			</add>
		</operation>
	</file>


	<file path="admin/view/template/customer/customer_form.tpl">
		<operation>
			<search ><![CDATA[<label class="col-sm-2 control-label" for="input-safe"><?php echo $entry_safe; ?></label>]]></search>
			<add position="before">
				<![CDATA[
					<label class="col-sm-2 control-label" for="input-sort-order">consumption count</label>
						<div class="col-sm-10">
						  <input type="text" name="consumption" value="<?php echo $consumption; ?>" placeholder="consumption count" id="input-sort-order" class="form-control" />
						</div>
					</div>
					<div class="form-group">
				]]>
			</add>
		</operation>
	</file>
	<file path="admin/model/customer/customer.php">
		<operation>
			<search ><![CDATA[safe = '" . (int)$data['safe'] . "']]></search>
			<add position="replace">
				<![CDATA[
					safe = '" . (int)$data['safe'] . "',consumption = '" . (int)$data['consumption'] . "'
				]]>
			</add>
		</operation>
	</file>

	<file path="admin/controller/customer/customer.php">
		<operation>
			<search ><![CDATA[if (isset($this->request->post['fax'])) {]]></search>
			<add position="before">
				<![CDATA[
					if (isset($this->request->post['consumption'])) {
						$data['consumption'] = $this->request->post['consumption'];
					} elseif (!empty($customer_info)) {
						$data['consumption'] = $customer_info['consumption'];
					} else {
						$data['consumption'] = '';
					}
				]]>
			</add>
		</operation>
	</file>

	<file path="catalog/model/checkout/order.php">
		<operation>
			<search ><![CDATA[if ($customer_info && $customer_info['safe']) {]]></search>
			<add position="before">
				<![CDATA[
				$history = $this->db->query("SELECT * FROM " . DB_PREFIX . "order_history where order_id = '" . (int)$order_id . "' and order_status_id = '" . (int)$order_status_id . "'");

				//获取订单状态码信息
				$order_status_query = $this->db->query("SELECT * FROM " . DB_PREFIX . "order_status WHERE order_status_id = '" . (int)$order_status_id . "' AND language_id = '" . (int)$order_info['language_id'] . "'");
				$order_status = $order_status_query->row['name'];

					if($order_status == 'Complete' && (!$history->num_rows)){
						//获取用户组信息
						$vip = $this->db->query("select * from `" . DB_PREFIX . "customer_group_description` WHERE need_credit < " . ($customer_info['consumption']+$order_info['total']) . " order by need_credit desc");
						//修改用户信息消费总金额跟用户组
						$this->db->query("update `" . DB_PREFIX . "customer` SET consumption = (consumption + " . $order_info['total'] . ") , customer_group_id = '" . $vip->row['customer_group_id'] . "'  WHERE customer_id = '" . (int)$order_info['customer_id'] . "'");
					}
				]]>
			</add>
		</operation>
	</file>

</modification>